setting,region,emissions_kg,index_normalized
Unmanaged,GB,15789.092217,100.00
Opportunistic,GB,14966.741094,94.79
GPE,GB,15654.498391,99.15
Unmanaged,DE,20838.824839,100.00
Opportunistic,DE,19889.546584,95.44
GPE,DE,20707.432681,99.37
Unmanaged,FR,2206.623895,100.00
Opportunistic,FR,2125.227458,96.31
GPE,FR,2190.411629,99.27
Geo-GPE,Portfolio,8782.655905,67.85
