setting,region,emissions_kg,index_normalized
Unmanaged,GB,15789.092217,100.00
Opportunistic,GB,14966.741094,94.79
GPE,GB,15663.423312,99.20
Unmanaged,DE,20838.824839,100.00
Opportunistic,DE,19889.546584,95.44
GPE,DE,20701.540152,99.34
Unmanaged,FR,2206.623895,100.00
Opportunistic,FR,2125.227458,96.31
GPE,FR,2189.891477,99.24
Geo-GPE,Portfolio,10142.255166,78.35
