setting,region,emissions_kg,index_normalized
Unmanaged,GB,15789.092217,100.00
Opportunistic,GB,14966.741094,94.79
GPE,GB,15600.178818,98.80
Unmanaged,DE,20838.824839,100.00
Opportunistic,DE,19889.546584,95.44
GPE,DE,20584.469092,98.78
Unmanaged,FR,2206.623895,100.00
Opportunistic,FR,2125.227458,96.31
GPE,FR,2175.473523,98.59
Geo-GPE,Portfolio,8707.246510,67.26
